{
  "sales": {
    "rmse": 1.5565345210476256,
    "mae": 0.8360741834238937,
    "r2": 0.9998297249441013
  },
  "delivery": {
    "rmse": 1.2396943922722758,
    "mae": 0.9747695222991468,
    "r2": 0.4169776819893768
  },
  "profit": {
    "rmse": 101.60830983496744,
    "mae": 54.220518403362206,
    "r2": -0.0043390025716434355
  }
}