{"target": "sales", "metrics": {"rmse": 1.5565345210476256, "mae": 0.8360741834238937, "r2": 0.9998297249441013}, "error_histogram": {"counts": [1, 0, 0, 0, 0, 1, 0, 1, 1, 9, 4, 4, 23, 76, 416, 10648, 24250, 492, 159, 12, 5, 0, 0, 0, 1, 0, 0, 0, 0, 1], "bin_edges": [-56.20837143663471, -52.719839703187716, -49.231307969740726, -45.74277623629374, -42.25424450284675, -38.76571276939976, -35.27718103595278, -31.78864930250579, -28.3001175690588, -24.811585835611808, -21.323054102164818, -17.834522368717835, -14.345990635270844, -10.857458901823854, -7.368927168376871, -3.8803954349298806, -0.3918637014828903, 3.0966680319641, 6.58519976541109, 10.07373149885808, 13.562263232305071, 17.050794965752047, 20.539326699199037, 24.027858432646028, 27.516390166093018, 31.004921899540008, 34.493453632987, 37.98198536643399, 41.470517099880965, 44.959048833327955, 48.447580566774946]}, "sample": {"actual": [224.9799957, 47.99000168, 90.0, 251.9799957, 199.9900055, 42.0, 227.9600067, 247.5, 379.980011, 47.5, 111.5800018, 299.9899902, 327.980011, 239.9799957, 263.9599915, 287.980011, 122.8399963, 399.9599915, 135.6900024, 185.9900055, 92.98999786, 252.8800049, 173.9900055, 245.9799957, 95.98000336, 124.7900009, 9.789999962, 263.980011, 145.5, 55.97999954, 58.79000092, 284.9500122, 167.9900055, 174.0, 211.1600037, 179.9799957, 391.9599915, 284.980011, 99.58000183, 245.9799957, 223.1600037, 100.0500031, 109.1900024, 160.0, 128.6900024, 117.5800018, 59.99000168, 165.9900055, 159.9600067, 296.980011, 120.8899994, 299.980011, 145.5, 128.6900024, 185.9499969, 89.98999786, 193.9900055, 124.4499969, 353.5299988, 250.0, 129.9900055, 125.9899979, 191.9900055, 379.980011, 106.5899963, 94.98999786, 45.5, 224.9900055, 284.980011, 272.980011, 87.12000275, 181.9499969, 113.3799973, 199.9900055, 98.0, 199.9499969, 176.0, 129.9900055, 38.79000092, 327.75, 272.980011, 173.9900055, 113.0899963, 49.63000107, 82.98999786, 293.980011, 387.9599915, 391.7999878, 48.0, 391.980011, 123.4899979, 98.0, 236.1600037, 293.980011, 197.9900055, 251.9799957, 113.9800034, 37.56000137, 43.47999954, 167.9900055, 118.7900009, 84.44000244, 97.48999786, 103.9899979, 200.0, 16.79000092, 454.9500122, 63.97000122, 395.980011, 37.49000168, 173.9600067, 179.9900055, 199.1699982, 379.980011, 134.9799957, 331.980011, 41.5, 272.9500122, 189.9900055, 113.0899963, 122.8399963, 293.9500122, 188.9900055, 89.98000336, 363.980011, 464.9500122, 192.0, 193.9900055, 188.9900055, 149.9900055, 124.7900009, 53.99000168, 105.5800018, 175.9799957, 159.9400024, 151.1600037, 109.1900024, 119.9700012, 159.9900055, 167.9299927, 299.980011, 342.8200073, 167.9900055, 239.9799957, 110.4899979, 296.9700012, 169.9600067, 151.1699982, 377.980011, 123.4899979, 105.5800018, 278.980011, 97.0, 260.980011, 32.99000168, 263.980011, 331.980011, 212.5, 50.99000168, 109.1900024, 78.37999725, 128.6900024, 41.0, 464.9500122, 190.0, 464.9500122, 420.3999939, 47.25, 347.980011, 236.1600037, 293.980011, 95.0, 132.0, 127.4499969, 70.37999725, 37.5, 245.9600067, 72.77999878, 299.9899902, 227.9499969, 175.9900055, 50.38999939, 74.37999725, 126.0899963, 130.5, 204.6999969, 178.1699982, 194.0, 124.7900009, 227.5, 123.4899979, 131.1699982, 246.9499969, 239.9799957, 181.9900055, 24.59000015, 97.48999786, 237.5, 74.97000122, 163.7700043, 399.980011, 247.3999939, 239.9799957, 134.7899933, 41.0, 50.0, 173.9600067, 97.95999908, 193.9199982, 363.980011, 111.5800018, 49.0, 124.7900009, 103.9899979, 363.980011, 439.9599915, 165.9900055, 269.980011, 122.8399963, 116.9899979, 387.980011, 67.18000031, 191.9900055, 223.1600037, 123.4899979, 199.9900055, 191.9900055, 201.5700073, 106.5899963, 116.9899979, 438.480011, 335.9700012, 95.98000336, 230.3600006, 117.5800018, 387.980011, 167.9900055, 269.980011, 187.7599945, 90.0, 116.9899979, 335.980011, 239.9799957, 224.9600067, 165.9600067, 118.2900009, 80.0, 176.3699951, 179.9900055, 159.9900055, 232.4100037, 269.9599915, 191.9700012, 339.9700012, 250.0, 363.980011, 167.3699951, 80.98000336, 95.95999908, 173.9600067, 327.980011, 91.0, 52.18999863, 395.980011, 79.19999695, 351.980011, 170.0, 351.980011, 96.0, 210.0, 269.980011, 118.2900009, 242.4900055, 52.79000092, 87.0, 239.9600067, 72.77999878, 114.3899994, 127.3899994, 185.9900055, 109.1900024, 116.9899979, 224.9900055, 118.2900009, 414.9599915, 299.9899902, 90.69000244, 521.9299927, 153.5599976, 237.5, 223.1600037, 371.9599915, 191.9799957, 176.3699951, 65.97000122, 254.9700012, 145.5, 125.9499969, 167.9900055, 211.1600037, 387.980011, 117.5800018, 179.9700012, 159.9900055, 109.1900024, 107.9700012, 155.1499939, 454.9500122, 109.1900024, 116.3799973, 399.980011, 479.7600098, 91.0, 123.4899979, 47.47999954, 149.9600067, 50.99000168, 199.9900055, 167.9900055, 284.25, 92.13999939, 290.9700012, 37.99000168, 97.95999908, 20.98999977, 128.6900024, 379.980011, 272.9500122, 179.9900055, 163.9900055, 331.980011, 97.98999786, 245.9799957, 109.1900024, 97.94999695, 95.95999908, 196.7599945, 54.59000015, 84.97000122, 224.9799957, 105.5800018, 406.8399963, 223.1600037, 127.3899994, 82.0, 89.98999786, 89.95999908, 327.9700012, 339.980011, 94.45999908, 33.18999863, 89.98000336, 38.95999908, 200.0, 130.4499969, 76.77999878, 232.4100037, 283.4700012, 175.9299927, 194.2400055, 147.0, 126.0899963, 123.4899979, 47.22999954, 374.9599915, 272.980011, 195.9499969, 383.980011, 124.7900009, 290.9500122, 187.5, 101.9700012, 331.980011, 521.9299927, 117.5800018, 129.9900055, 113.9800034, 200.0, 77.55000305, 116.9899979, 52.18999863, 347.980011, 47.97999954, 175.9299927, 127.3899994, 127.9599991, 99.94999695, 383.980011, 170.9700012, 129.9900055, 185.9799957, 143.9799957, 126.0, 84.97000122, 83.0, 107.8899994, 210.0, 194.0, 149.3800049, 90.0, 327.980011, 94.5, 188.9199982, 363.980011, 363.980011, 284.980011, 185.9499969, 45.5, 181.9299927, 129.9900055, 58.18999863, 109.1900024, 363.980011, 59.95999908, 97.48999786, 86.97000122, 379.980011, 272.9500122, 85.5, 290.980011, 181.9299927, 169.9900055, 254.9799957, 391.980011, 129.9900055, 122.8399963, 114.7600021, 236.1600037, 106.2099991, 359.980011, 42.5, 42.65999985, 153.5599976, 134.9799957, 185.9900055, 199.9900055, 83.0, 179.9900055, 250.0, 232.5, 139.5, 103.9899979, 240.0, 195.9900055, 163.9900055, 41.5, 174.0, 67.18000031, 122.8399963, 205.0, 269.9599915, 287.9500122, 189.9900055, 395.980011, 193.9900055, 242.5, 69.58000183, 77.58000183, 314.25, 123.4899979, 263.980011, 114.3899994, 247.3999939, 1417.5, 331.980011, 339.0299988, 97.95999908, 95.94999695, 227.4100037, 37.5, 149.9900055, 349.9599915, 124.7900009, 94.5, 319.980011, 232.5, 239.8999939, 213.7299957, 126.0899963, 299.9899902, 57.59000015, 189.9799957, 123.4899979, 144.0, 143.9799957, 181.9499969, 48.0, 377.980011, 107.8899994, 251.9600067, 79.19999695, 180.0, 44.0, 272.980011, 136.4499969, 122.8399963, 115.1699982, 181.9900055, 217.5, 116.9899979],