{"target": "delivery", "metrics": {"rmse": 1.2396943922722758, "mae": 0.9747695222991468, "r2": 0.4169776819893768}, "error_histogram": {"counts": [6, 15, 10, 55, 719, 3110, 1340, 293, 142, 1088, 3061, 1177, 893, 537, 2306, 7604, 1094, 1102, 527, 2211, 2650, 518, 158, 328, 2587, 2129, 393, 42, 3, 6], "bin_edges": [-3.1396174457551798, -2.935238024661405, -2.7308586035676297, -2.526479182473855, -2.3220997613800796, -2.1177203402863047, -1.9133409191925297, -1.7089614980987546, -1.5045820770049796, -1.3002026559112045, -1.0958232348174297, -0.8914438137236544, -0.6870643926298796, -0.48268497153610435, -0.2783055504423295, -0.07392612934855425, 0.13045329174522058, 0.3348327128389954, 0.5392121339327707, 0.7435915550265455, 0.9479709761203203, 1.1523503972140956, 1.3567298183078709, 1.5611092394016461, 1.7654886604954205, 1.9698680815891958, 2.174247502682971, 2.3786269237767454, 2.5830063448705207, 2.787385765964296, 2.9917651870580713]}, "sample": {"actual": [2.0, 5.0, 6.0, 3.0, 6.0, 6.0, 3.0, 1.0, 2.0, 5.0, 6.0, 5.0, 1.0, 2.0, 0.0, 6.0, 6.0, 5.0, 4.0, 4.0, 5.0, 4.0, 2.0, 5.0, 6.0, 5.0, 4.0, 3.0, 3.0, 5.0, 2.0, 2.0, 2.0, 3.0, 4.0, 6.0, 4.0, 2.0, 0.0, 4.0, 2.0, 2.0, 2.0, 2.0, 4.0, 2.0, 2.0, 6.0, 2.0, 4.0, 2.0, 4.0, 3.0, 2.0, 3.0, 2.0, 4.0, 3.0, 4.0, 5.0, 4.0, 3.0, 5.0, 4.0, 2.0, 3.0, 6.0, 2.0, 3.0, 5.0, 2.0, 6.0, 4.0, 2.0, 3.0, 4.0, 4.0, 5.0, 2.0, 3.0, 5.0, 2.0, 6.0, 3.0, 4.0, 6.0, 6.0, 2.0, 2.0, 2.0, 5.0, 3.0, 2.0, 2.0, 2.0, 6.0, 3.0, 2.0, 4.0, 2.0, 5.0, 3.0, 5.0, 4.0, 4.0, 0.0, 6.0, 2.0, 5.0, 5.0, 5.0, 2.0, 5.0, 4.0, 5.0, 2.0, 3.0, 4.0, 0.0, 5.0, 6.0, 5.0, 2.0, 2.0, 4.0, 2.0, 2.0, 2.0, 5.0, 2.0, 4.0, 3.0, 4.0, 1.0, 6.0, 6.0, 4.0, 5.0, 5.0, 5.0, 6.0, 4.0, 4.0, 6.0, 3.0, 6.0, 2.0, 5.0, 2.0, 4.0, 0.0, 2.0, 5.0, 2.0, 5.0, 3.0, 2.0, 6.0, 5.0, 4.0, 2.0, 5.0, 3.0, 2.0, 4.0, 2.0, 4.0, 2.0, 5.0, 2.0, 4.0, 2.0, 5.0, 2.0, 5.0, 2.0, 2.0, 2.0, 2.0, 3.0, 4.0, 2.0, 0.0, 2.0, 3.0, 5.0, 4.0, 1.0, 2.0, 3.0, 4.0, 4.0, 4.0, 3.0, 6.0, 5.0, 6.0, 3.0, 2.0, 6.0, 3.0, 4.0, 2.0, 2.0, 3.0, 2.0, 3.0, 2.0, 2.0, 1.0, 2.0, 2.0, 6.0, 3.0, 3.0, 6.0, 6.0, 1.0, 6.0, 5.0, 3.0, 6.0, 5.0, 3.0, 0.0, 6.0, 3.0, 3.0, 0.0, 5.0, 2.0, 5.0, 0.0, 2.0, 2.0, 2.0, 2.0, 6.0, 2.0, 2.0, 5.0, 4.0, 1.0, 5.0, 5.0, 2.0, 2.0, 2.0, 5.0, 2.0, 5.0, 5.0, 5.0, 3.0, 6.0, 2.0, 6.0, 2.0, 3.0, 3.0, 4.0, 5.0, 6.0, 2.0, 3.0, 4.0, 1.0, 4.0, 2.0, 4.0, 2.0, 2.0, 2.0, 2.0, 2.0, 5.0, 4.0, 6.0, 3.0, 2.0, 5.0, 2.0, 2.0, 2.0, 2.0, 5.0, 6.0, 5.0, 4.0, 2.0, 5.0, 3.0, 2.0, 4.0, 2.0, 4.0, 5.0, 2.0, 2.0, 3.0, 6.0, 3.0, 3.0, 3.0, 2.0, 2.0, 4.0, 4.0, 4.0, 6.0, 1.0, 3.0, 2.0, 2.0, 2.0, 5.0, 6.0, 2.0, 4.0, 5.0, 2.0, 5.0, 6.0, 3.0, 5.0, 3.0, 6.0, 2.0, 1.0, 5.0, 6.0, 5.0, 6.0, 0.0, 2.0, 2.0, 6.0, 0.0, 2.0, 5.0, 5.0, 2.0, 2.0, 2.0, 3.0, 5.0, 3.0, 6.0, 2.0, 5.0, 3.0, 5.0, 6.0, 5.0, 5.0, 2.0, 2.0, 2.0, 0.0, 3.0, 5.0, 2.0, 4.0, 6.0, 6.0, 5.0, 4.0, 4.0, 2.0, 2.0, 2.0, 1.0, 2.0, 6.0, 4.0, 2.0, 6.0, 1.0, 3.0, 5.0, 2.0, 1.0, 2.0, 2.0, 3.0, 3.0, 5.0, 3.0, 1.0, 3.0, 5.0, 2.0, 2.0, 6.0, 3.0, 3.0, 2.0, 1.0, 2.0, 4.0, 6.0, 2.0, 3.0, 6.0, 6.0, 2.0, 6.0, 2.0, 6.0, 3.0, 5.0, 2.0, 2.0, 3.0, 6.0, 5.0, 6.0, 3.0, 2.0, 3.0, 3.0, 6.0, 5.0, 2.0, 0.0, 5.0, 2.0, 2.0, 3.0, 2.0, 3.0, 4.0, 6.0, 4.0, 5.0, 2.0, 2.0, 2.0, 6.0, 6.0, 6.0, 5.0, 1.0, 6.0, 4.0, 6.0, 6.0, 6.0, 0.0, 2.0, 2.0, 5.0, 4.0, 4.0, 2.0, 2.0, 3.0, 4.0, 6.0, 4.0, 2.0, 2.0, 4.0, 3.0, 5.0, 2.0, 5.0, 5.0, 4.0, 2.0, 4.0, 4.0, 5.0, 2.0, 5.0, 6.0, 3.0, 2.0, 5.0, 5.0, 2.0, 5.0, 2.0, 3.0, 5.0, 5.0, 3.0, 6.0, 3.0, 4.0, 2.0, 5.0, 6.0, 2.0, 5.0, 3.0, 3.0, 2.0, 6.0, 3.0], "predicted": [2.0269884615493474, 4.374103996777898, 4.135483899101026, 3.6050123867608974, 4.259333298303416, 4.17664357450952, 3.8529077016103637, 0.5818263282092095, 2.0283639789637977, 4.100008760792729, 3.786306621122993, 4.304542012182318, 0.5288210201918155, 2.0511131301299668, 0.5413517701311688, 4.008897831548817, 3.897831152365541, 4.1565881484791865, 4.158675361564227, 3.903004697055455, 4.2142755434965435, 4.040107800763075, 1.982392169771735, 4.116464568887275, 3.979785591593846, 3.9758127455981613, 3.8686992373466, 4.2607108191619085, 3.8472650207889045, 4.31606446332657, 3.9986949895031367, 3.8987812319635555, 3.9293425763446406, 3.73259536124831, 4.267933781012035, 3.971414320381022, 3.8875417404834893, 3.9931629794047105, 0.469268785982357, 4.227330643923779, 3.8878400023892863, 3.8032054034147422, 3.9385515801747464, 3.9186049772144935, 3.852838321993875, 1.92319558716476, 1.9736662574844854, 4.091597867596593, 2.0621908477163484, 4.001788297414112, 1.9628594901208627, 3.788722475922374, 4.083799423357196, 3.887658519944842, 3.778992208837474, 3.517612129044804, 3.8781350349623835, 3.9370087393239968, 4.157850557352061, 3.8960205375718258, 4.000471487360235, 4.072498039413137, 4.033657692130441, 3.9162996855455545, 1.9813499752468449, 4.035438168227997, 4.86889938432159, 2.0608862539949233, 3.966978714184585, 3.7169150309771, 4.086102095695862, 3.956940963739206, 3.9978951107936096, 1.9480726507067752, 3.896685908878572, 3.8491506492226666, 3.929958221882006, 4.096694881625639, 4.134576094853584, 3.9576090437413605, 4.020783926935948, 2.0291288388647715, 4.1301927526174875, 4.01113865102289, 4.229481849846957, 4.957606858804544, 3.896003614119634, 1.8985728529879127, 1.9561299456356867, 1.9052304214174802, 4.0366354050842235, 4.08176419312494, 4.102402212154485, 3.9220281901777327, 1.9986194847506207, 3.850388506265871, 4.390400710312143, 4.062313520067754, 4.129265551888915, 1.986811744232043, 4.006849336906622, 3.9483667120292174, 3.9070235327684073, 4.063508894133797, 3.950343317432694, 0.542018866545865, 4.023824408430886, 4.0304852622723315, 4.101270789995668, 4.153910869777806, 4.11217368271951, 2.1242254976056993, 3.9968813858868035, 3.9081057588756978, 4.072530538014976, 3.86845010236773, 3.8926408256746723, 3.2344910373651423, 0.53016569046593, 4.065215810450238, 3.9774336033371616, 4.039952603555078, 1.9909002933783484, 1.8874962553505248, 4.4534658815907715, 3.8687305303403363, 3.8904393336433065, 3.818095017300238, 3.9708218699804005, 1.9694940291563119, 3.927380426669798, 3.80734912669957, 3.9150207057532223, 0.5475475418925932, 3.9987758044102892, 3.9609300954745694, 3.983146836994571, 3.944922096565838, 4.5924058357004505, 3.9067058668902104, 3.9199919612144445, 4.022746948466013, 4.016787404843607, 3.8233205246272504, 3.8924572248533162, 4.1460192133162295, 4.102128422813345, 4.6108203240260766, 3.3819393113132565, 4.321617533417473, 0.49881521343643387, 4.010710131400751, 3.9144697770148653, 3.9445242184755216, 4.598945185927139, 4.169204160590211, 1.8915919298188237, 3.881023211654932, 3.929342070046288, 3.9813134224582765, 2.013223038816643, 4.076098028140734, 3.919395671493238, 3.8586947944543946, 4.742634402524529, 2.027765451929524, 4.290139516652071, 2.0645283643927117, 3.9778062830764145, 1.96920215043401, 4.329254940091488, 3.8242822860794914, 4.288142427426335, 4.011546227684585, 4.132701560506328, 2.0711212268126076, 3.9739342963569704, 1.865674700958851, 4.023291791963161, 4.018637609903461, 4.093022556803666, 3.9320009766299164, 0.48477753488549924, 3.8797894394358803, 4.059935995042217, 3.930601238313258, 3.8942617208358006, 0.5310789637768281, 2.0995312520887537, 3.943384298926619, 4.1169504313738825, 4.075159517187521, 4.442311568861886, 4.060591074497957, 4.011114054458663, 3.981690146065476, 4.090657604690435, 3.154379641682213, 3.7473746650399296, 4.186182936078395, 3.626723139514554, 4.134669068664893, 3.9252693049671104, 2.085210402006903, 3.8937104666662843, 1.977139744799533, 3.6422905855605543, 2.084096745291208, 4.025600381938911, 0.4607797124734936, 3.8152737596435577, 1.9002832461246413, 3.891597554705195, 3.856943302343238, 4.007997037027897, 3.7205128955337856, 3.7886740653844884, 0.4995328529968459, 4.320965244955623, 3.95933985739386, 3.8427395203752592, 4.008667120737652, 3.9538235303048226, 4.016437697638348, 0.40694757061861964, 3.910252619554315, 3.9850894315987464, 3.9008276797221857, 0.5482606892409745, 4.069749391975039, 2.0220621317026155, 3.9970019519810784, 