{"target": "profit", "metrics": {"rmse": 101.60830983496744, "mae": 54.220518403362206, "r2": -0.0043390025716434355}, "error_histogram": {"counts": [1, 0, 0, 0, 0, 1, 1, 0, 1, 1, 4, 5, 4, 23, 149, 18696, 14876, 1341, 537, 223, 126, 72, 22, 13, 4, 3, 0, 0, 0, 1], "bin_edges": [-2186.475024619173, -2050.655850982967, -1914.8366773467612, -1779.0175037105555, -1643.1983300743495, -1507.3791564381436, -1371.5599828019378, -1235.7408091657321, -1099.9216355295262, -964.1024618933202, -828.2832882571145, -692.4641146209087, -556.6449409847028, -420.8257673484968, -285.0065937122911, -149.18742007608535, -13.368246439879385, 122.45092719632657, 258.27010083253253, 394.08927446873804, 529.908448104944, 665.72762174115, 801.5467953773555, 937.3659690135614, 1073.1851426497674, 1209.0043162859733, 1344.8234899221793, 1480.6426635583848, 1616.4618371945908, 1752.2810108307967, 1888.1001844670025]}, "sample": {"actual": [67.48999786, 12.96000004, 27.0, 123.4700012, 50.0, 18.89999962, 25.76000023, 4.949999809, -253.4499969, 17.80999947, 37.93999863, -794.960022, 24.60000038, 100.7900009, 29.82999992, 32.54000092, 1.230000019, -51.59000015, 59.70999908, 62.86000061, 10.51000023, 68.27999878, 58.81000137, 120.5299988, 44.15000153, 39.06000137, 4.900000095, 66.0, 0.0, 24.62999916, 29.39999962, -427.4299927, 82.3199997, 83.51999664, 57.00999832, 62.99000168, 83.48999786, 92.62000275, 25.88999939, -196.7899933, 60.25, 35.02000046, 52.40999985, 44.79999924, 43.5, 56.43999863, 21.78000069, 54.77999878, 73.58000183, 2.970000029, 35.06000137, 22.5, 54.56000137, -24.57999992, 9.300000191, -159.0, 79.54000092, 15.56000042, 166.1600037, 67.5, -26.0, 44.09999847, 92.16000366, 137.9299927, -2.660000086, 44.65000153, 0.460000008, 56.25, 28.5, 57.59999847, 0.870000005, 20.55999947, 29.47999954, 52.0, 38.22000122, 51.99000168, 7.039999962, -20.40999985, 13.10999966, 144.2100067, -68.25, -32.70999908, 20.36000061, 6.199999809, 38.18000031, 33.22000122, 186.2200012, 122.6299973, -30.71999931, 39.20000076, 1.480000019, 28.42000008, -173.1000061, -196.0800018, 5.940000057, 50.40000153, -19.03000069, 13.14999962, 3.779999971, 4.199999809, -2.970000029, 22.79999924, 10.72000027, -22.5699997, -27.60000038, 5.880000114, 86.44000244, 28.79000092, -673.1699829, 12.36999989, 85.23999786, 88.19999695, 97.58999634, 170.9900055, 64.79000092, 120.5100021, 12.44999981, -7.920000076, 23.75, 12.77999973, -190.3999939, 108.7600021, 45.36000061, 14.39999962, -964.5499878, -110.6600037, 92.16000366, 52.38000107, 2.269999981, 6.0, 45.29999924, 10.26000023, -168.9299927, 47.52000046, 34.0699997, 54.86999893, 21.84000015, 13.56000042, -32.0, 58.77999878, 140.9900055, 30.17000008, -21.0, 4.800000191, 38.66999817, -757.2700195, 10.71000004, 11.34000015, 185.2100067, 61.75, 27.45000076, 131.1199951, 12.13000011, 88.20999908, 14.18999958, -59.40000153, 112.2099991, 15.93999958, 15.96000004, 13.64999962, 21.15999985, 7.71999979, 10.65999985, 167.3800049, 66.5, 58.11999893, 21.02000046, -36.24000168, 163.5500031, -203.0899963, 85.25, -25.37000084, 62.04000092, 62.45000076, 22.52000046, 10.5, 63.95000076, 11.85999966, 143.9900055, 111.6999969, 84.48000336, 6.550000191, 8.409999847, 34.04000092, 43.0699997, 75.73999786, 11.22000027, 24.25, -56.15999985, 113.75, 55.5699997, -32.79000092, 86.43000031, 112.7900009, 59.15000153, 7.699999809, 30.52000046, -166.25, 23.23999977, 32.75, 115.9899979, 71.75, 77.98999786, 63.34999847, 18.04000092, 23.0, 78.27999878, 32.33000183, -21.90999985, 123.75, 51.33000183, 22.04999924, 9.979999542, 36.40000153, 174.7100067, 27.71999931, 41.5, -30.51000023, 30.70999908, 1.519999981, 193.9900055, 21.82999992, 69.69000244, 61.36999893, 35.81000137, 96.0, 67.19999695, 58.45000076, 7.989999771, 54.99000168, 122.7699966, -42.0, 31.67000008, 103.6600037, -94.05999756, 97.0, 12.60000038, 132.2899933, 82.62000275, 22.5, 7.369999886, 109.1900024, 24.0, 78.73999786, 41.49000168, -2.960000038, -14.64000034, 10.57999992, 48.59999847, 78.40000153, 109.2300034, 12.68999958, 24.0, 159.7799988, 20.5, 18.20000076, 58.58000183, -11.18000031, 45.09999847, 45.22999954, 95.12000275, 30.94000053, -5.900000095, 194.0299988, 35.63999939, 102.0699997, 14.96000004, -258.0, 34.84999847, 15.75, 134.9900055, 31.94000053, 116.4000015, 14.77999973, 29.40999985, -611.9000244, 19.64999962, 40.04000092, 38.22000122, 21.02000046, 38.22000122, -175.4900055, 78.73999786, 56.77999878, 195.0299988, 93.90000153, 11.34000015, -37.06000137, 43.0, 116.3799973, -148.8500061, 120.8899994, 67.19000244, 84.66000366, 8.25, 122.3899994, 1.75, 15.10999966, -21.67000008, 32.31000137, 116.3899994, 36.79999924, 46.79000092, 56.0, 28.71999931, 17.60000038, 29.3199997, 209.2799988, -87.34999847, 6.980000019, 115.9899979, 167.9199982, 27.29999924, 59.27999878, 2.849999905, 8.850000381, -35.68999863, 96.0, 75.59999847, -44.63000107, 23.04000092, 47.43000031, 9.5, 35.56000137, 6.300000191, 7.980000019, 132.9900055, -450.3699951, 46.79999924, 32.79999924, 3.980000019, 29.39999962, 79.94000244, 10.92000008, 8.520000458, 25.23999977, 49.18999863, 21.29000092, 42.47999954, -56.24000168, 27.45000076, 195.2799988, 100.4199982, -84.97000122, 34.43999863, 25.92000008, 7.920000076, -37.06000137, 146.1900024, 16.53000069, -89.62000275, 23.38999939, -8.760000229, 37.59999847, 45.65999985, -17.28000069, 72.73999786, 22.68000031, 30.79000092, 52.43999863, 51.45000076, -321.5299988, 56.81000137, 22.20000076, -46.86999893, 76.43000031, 94.05999756, 0.0, -95.70999908, 50.91999817, 78.75, 49.97000122, 162.6699982, 167.0200043, 42.33000183, 13.0, 51.29000092, -170.0, 4.579999924, 30.42000008, 16.95999908, 90.48000336, -9.020000458, 59.45999908, -89.16999817, -1.659999967, 14.98999977, -91.38999939, 2.049999952, 6.5, 58.20999908, -191.9199982, -21.04000092, 7.389999866, 29.04999924, 2.160000086, 34.22999954, 93.12000275, 9.409999847, -144.0, 119.0599976, 9.449999809, -21.35000038, 86.62999725, 127.3899994, 51.29999924, 18.60000038, 22.29999924, 83.69000244, 45.5, 15.13000011, 29.47999954, 174.7100067, 3.779999971, -18.32999992, 4.349999905, 142.4900055, 81.88999939, 36.77000046, 21.8199997, 56.93999863, -74.80000305, 76.48999786, -127.3899994, 4.940000057, 31.94000053, 55.08000183, 23.62000084, 35.04999924, 31.68000031, -68.0, 11.52000046, 55.74000168, -42.79000092, -136.3300018, 90.0, 6.230000019, -41.93999863, 87.5, 44.18000031, 33.47999954, -83.19000244, 78.0, -127.3899994, 67.23999786, 19.92000008, 54.45999908, 9.270000458, 12.27999973, 57.40000153, 51.29000092, 21.60000038, 9.5, 166.3099976, -38.79999924, 18.19000053, 18.09000015, 25.60000038, 153.9799957, 58.04000092, 79.19000244, -28.60000038, 89.80999756, -283.5, 149.3899994, 114.5899963, 35.56000137, 47.97999954, 17.05999947, 4.239999771, 42.0, -153.9799957, 54.90999985, 26.45999908, 116.1500015, -604.5, 103.1600037, 42.75, 59.25999832, 140.9900055, -86.38999939, 17.86000061, -19.38999939, 52.27000046, 25.20000076, -195.6000061, -36.0, 122.8399963, 13.48999977, -58.70999908, 14.26000023, 60.84000015, 12.3199997, 102.3700027, 46.11999893, 34.40000153, 21.87999916, 47.3199997, 4.349999905, 56.15999985],