{"baseline": {"name": "Existing system (fixed reorder-point)", "n_episodes": 200, "mean_reward": 1342.6756911117188, "variance": 1130463.078181236, "std_dev": 1063.2323726172167, "min": -1865.655723894873, "max": 4998.363548619985}, "rl_agent": {"name": "Proposed system (PPO agent)", "n_episodes": 200, "mean_reward": 1842.9992577585683, "variance": 2456831.7506434377, "std_dev": 1567.4283877241212, "min": -15358.651576964474, "max": 6764.781029874841}, "episode_length": 30, "reward_series": {"baseline": [1204.5703011276755, 3022.780961364766, 640.9475335538868, 2914.0458907276616, 1446.846549549217, 2034.6318386710802, 697.7582498226266, 1807.5386238672268, 2029.8263335306056, 1582.6380194422693, 1470.371663528547, 755.1905901177067, 1518.9612672277879, 2915.0344432826705, 694.8034078875153, 2284.0151879964224, -215.64829488092863, 581.0898054902102, 1207.1305118284295, 1483.567751191142, 1059.988661137871, -6.609988584413486, 563.6762151200937, 1471.0610536763977, 17.731247142544362, 1220.4945117372731, 2881.0287923890637, 683.5874087196008, -1752.7295800828365, -715.0874677237791, 844.9186775747028, 796.7129033430839, 1949.333191454078, -229.57162855249877, 2568.486708720394, 388.7996450770367, 19.91392341305152, 1644.6901005622963, 1245.3799449294015, -1865.655723894873, 2617.6401648673664, 2590.5468444010507, 3200.626456587396, 4998.363548619985, 2260.1602538933294, 335.6373578435925, 979.3212585003221, -215.06421390517266, 1270.6835332813819, 829.8955693687061, 898.5318956208923, 2598.2671322500582, 1953.839603615474, 1910.0635882763977, 335.75357483482094, 41.6832802959636, 3102.4613812263888, 1188.1626311974355, 628.7124711587512, 408.1008932342838, 1877.6498713234319, 1212.671465394476, 2676.872852049939, 943.1294545368941, 1778.236591944497, 1062.5646939232834, 3011.0609855690445, 2073.219195714963, 2967.231545862584, 1324.90931132841, 818.8283843520784, 310.1530901636435, 1469.7278257939965, 2076.5837769735062, 2031.2857196077769, 1143.9136724813668, 586.1447055190081, 3530.6997776340722, 2237.4947982354097, 120.34331647214248, 594.5808355097513, 2549.8948508820204, -588.5306408640724, 1239.7978231959426, -1315.3700340124542, 1440.2592223034117, 1235.971137503381, 488.73712939888304, 1320.1061270538758, 2411.01426310898, 1051.2409758921171, 391.05795989707593, 616.6432589313499, 1368.1745837769442, 1245.525769194469, 1343.2508875515425, 1287.6904757097755, 2669.9606775037237, 2905.584351470125, 1709.7254032954413, 912.1337848282094, 815.9763332910709, 963.5680719605898, 2438.429173355366, 1521.1549342665967, 1058.3270465317803, 2110.3365648625745, 2375.3920682518956, 2441.6476993796205, 1575.106358254892, 558.7859880091842, 802.9404597354803, 1702.6367784562935, 444.769923284491, -118.91964508366684, 1008.922767530745, 1534.9942381355581, 1029.8387063320768, 2127.671430896889, 2304.480523066821, -494.4792583644789, 1300.4579102096216, 2001.7022844039232, 295.9897817360287, -635.4958126512454, 2579.683083302091, 972.9398658658549, 1334.9629531247572, 1059.8564901289726, 2189.069928236934, 735.7103285097435, 3387.992357996036, 1385.2069402451082, 1704.6477863959617, -5.9810554486784895, 834.2617325704932, 15.866615880235372, -803.382370023383, 3381.8013622115736, -104.97892829286934, 978.9962554132306, 1851.3834660828547, 2540.843884687649, 968.0691647452269, 151.82067193410052, 1407.132783593309, 3585.158047754394, -514.3043220947774, 73.62432841360601, 1546.7303406245614, 714.341977339702, 655.0236486870757, 573.725874194736, 2489.3031912135966, 1283.0900776521135, 352.96294806683295, 1678.9086560477117, 3102.2986006645806, 2157.453135615588, 255.88503350863039, 1877.869044570306, 2082.3070754910655, 349.6213065490276, 537.6664881042432, 1909.1523967333815, 996.3704231192089, 2017.9296473424506, 700.3655616263223, 854.3954616508114, 1850.102221312237, 2274.5884919214304, 229.21432621183442, 2466.580523830582, 1463.2003509893425, 445.19867644884937, 1619.0557381791598, 1092.7940041498252, 199.6509160566999, 1241.4675282101105, 3179.1989104615673, 1827.7603369089138, 1990.364443708078, 3636.796164778356, 1813.2540431792484, 2257.3507682981353, 596.7035130712027, 1691.6968182154715, 2468.2780797970454, 1682.7117938085075, 1546.9956245109584, 1809.3563071970268, 1475.3325322326382, 191.03324191135852, 3210.933209627471, 2374.808255571967, -546.4746607872356, 3010.52294058321, 988.3213325825498, 749.404129772684, 1763.1147400536154],